prediction_0_for_long_1_for_short,target
0.98133355,1
0.34723485,0
0.98643595,1
0.020942833,0
0.7656659,1
0.28832167,0
0.9965084,1
0.88865566,1
0.0045841797,0
0.0017592175,0
0.9471722,1
0.9062428,1
0.44515207,0
0.99315065,1
0.2781314,1
0.9981566,1
0.7515037,0
0.9213268,1
0.97679865,1
0.12022143,0
0.032501478,0
0.96032315,1
0.034917016,1
0.07249666,0
0.9194835,1
0.96417534,1
0.93431914,1
0.99149746,1
0.13081957,0
0.99282634,1
0.07725555,0
0.093623325,1
0.9414793,1
0.18760148,0
0.83814937,1
0.93736273,0
0.007471866,0
0.8828649,1
0.8366253,1
0.9569899,1
0.0082652755,0
0.2663581,0
0.9928756,1
0.21176423,0
0.9917129,1
0.0033459363,0
0.99361366,1
0.9267716,1
0.010422321,0
0.0021078305,0
0.0045303777,0
0.93658376,1
0.9969036,1
0.008320739,0
0.99943,1
0.5009141,0
0.05215667,0
0.10718896,0
0.9971733,1
0.9964617,1
0.98503774,1
0.99732995,1
0.018510487,0
0.8047986,1
0.28112167,1
0.37104684,1
0.95079386,1
0.016182864,0
0.0010540361,0
0.02440345,0
0.998706,1
0.004497729,0
0.99780864,1
0.5379497,0
0.013004843,0
0.9759715,1
0.059318785,0
0.004614112,0
0.9172534,1
0.002965853,0
0.9919098,1
0.0036504152,0
0.99755704,1
0.021616578,0
0.30127993,0
0.02445157,0
0.9074503,1
0.9191867,1
0.1182798,0
0.008450888,0
0.9875235,1
0.009452184,0
0.028183147,0
0.003510509,0
0.22931422,0
0.7857201,0
0.6141606,1
0.10098526,0
0.0003249172,0
0.0013497017,0
0.059348032,0
0.0028731658,0
0.99857247,1
0.8452732,1
0.99758613,1
0.96716636,1
0.99696964,1
0.0020740526,0
0.021087185,0
0.008429342,0
0.6542321,1
0.11077238,0
0.9394493,1
0.9864709,1
0.0216651,0
0.8824927,1
0.0058326977,0
0.05119623,0
0.9686572,1
0.65883094,1
0.58352536,1
0.9813731,1
0.744665,1
0.9994542,1
0.99747413,1
0.042444777,1
0.09676379,0
0.96977377,1
0.91363764,1
0.075094245,0
0.99621564,1
0.0922443,0
0.9293456,0
0.99196166,1
0.010171338,0
0.9235456,1
0.99379265,1
0.998437,1
0.004908938,0
0.6443195,0
0.9191212,1
0.09972418,0
0.31893227,0
0.8022564,1
0.9865785,1
0.6496229,0
0.3812505,0
0.008692673,0
0.03909327,0
0.0039255596,0
0.14944872,0
0.011967225,0
0.503993,1
0.98031104,1
0.8485043,1
0.0012031817,0
0.023892855,0
0.9822922,1
0.0851854,0
0.61564887,0
0.1509711,0
0.5606796,1
0.024655158,0
0.90760785,1
0.9991371,1
0.96723294,1
0.749126,1
0.003111238,0
0.98513085,1
0.7164296,1
0.95007926,1
0.8989499,1
0.99669635,1
0.9912815,1
0.12332838,0
0.23736043,0
0.03165653,0
0.94191116,1
0.9703898,1
0.029213736,0
0.037754364,1
0.715691,1
0.97934246,1
0.99122155,1
0.47389805,0
0.9525308,1
0.9936957,1
0.99542373,1
0.33149186,0
0.9981687,1
0.08707307,0
0.9551414,1
0.98797685,1
0.80675006,1
0.9983979,1
0.9979755,1
0.9344399,1
0.23955444,0
0.4247813,0
0.8854987,1
0.020396808,0
0.9214657,1
0.998276,1
0.94523275,1
0.1945355,0
0.99345917,1
0.03982863,0
0.04493855,0
0.008764635,0
0.018978445,0
0.0027128083,0
0.89718,1
0.9815205,1
0.94350874,1
0.9800183,1
0.99886596,1
0.43466818,1
0.6552005,1
0.92909014,1
0.15015253,0
0.99844766,1
0.032250077,0
0.706731,1
0.0073221438,0
0.0020568077,0
0.98625827,1
0.43046865,0
0.92283654,1
0.800281,0
0.99947995,1
0.21200189,0
0.1693428,0
0.9790869,1
0.0825117,0
0.002193978,0
0.7945572,1
0.9256634,1
0.6321009,1
0.9864654,1
0.92674106,1
0.13136111,0
0.89652854,1
0.00043083215,0
0.057590637,1
0.004573265,0
0.9532372,1
0.9960672,1
0.99832946,1
0.9901523,1
0.0181625,0
0.9863007,1
0.9910658,1
0.024103673,0
0.03798843,0
0.002814649,0
0.850222,1
0.86314964,1
0.000764673,0
0.6559847,0
0.10417249,0
0.0073567876,0
0.48737252,0
0.8510883,1
0.21585307,0
0.570857,0
0.6207268,0
0.91378933,1
0.9957534,1
0.8069988,1
0.18154502,1
0.9961966,1
0.96686167,1
0.30209556,0
0.991691,1
0.061980695,0
0.007331647,0
0.9862071,1
0.9369595,1
0.9994111,1
0.7525177,1
0.9869307,1
0.13067997,0
0.06735832,0
0.014089861,0
0.090806365,0
0.045597024,0
0.0020043945,0
0.86520225,1
0.0010337121,0
0.99637306,1
0.74509877,1
0.98813045,1
0.9962536,1
0.99878424,1
0.00014246759,0
0.04021806,1
0.16249007,0
0.0006497224,0
0.87803394,0
0.9848898,1
0.96005154,1
0.8577654,1
0.9924913,1
0.0017462615,0
0.4197384,1
0.0012464195,0
0.006113674,0
0.33624345,0
0.0035832808,0
0.0015650988,0
0.9897864,1
0.09635279,0
0.99385744,1
0.0007506641,0
0.9815019,1
0.008530176,0
0.0037709216,0
0.94788855,1
0.96163905,1
0.7081392,0
0.002784197,0
0.94576836,1
0.45358333,0
0.99511224,1
0.9655362,1
0.8185982,1
0.99522144,1
0.93866175,1
0.52437854,0
0.40902528,0
0.5756238,0
0.9935818,1
0.53458196,0
0.9848839,1
0.012168359,0
0.00989927,0
0.0019348873,0
0.17041174,0
0.029252876,0
0.99712473,1
0.99783546,1
0.9980836,1
0.99935883,1
0.19215275,0
0.056127574,1
0.6189074,0
0.99538416,1
0.002147695,0
0.997844,1
0.9783668,1
0.0016055775,0
0.1423429,0
0.998367,1
0.9178752,1
0.018694062,0
0.07410727,0
0.08453232,0
0.9965953,1
0.9226337,1
0.18091016,0
0.7077509,0
0.01947679,0
0.0010514385,0
0.9763516,1
0.04080041,0
0.027960839,0
0.91039103,1
0.9972627,1
0.04109039,0
0.8790514,1
0.3003656,0
0.99672335,1
0.7828454,1
0.9840925,1
0.9980763,1
0.4517801,1
0.9970204,1
0.02151198,0
0.2278868,1
0.95400053,1
0.1882257,1
0.25571224,1
0.36226118,0
0.07920749,0
0.9850793,1
0.8408162,1
0.99819595,1
0.99309045,1
0.8062157,1
0.98745394,1
0.006398981,0
0.9670322,1
0.06130482,0
0.9655428,1
0.16395967,0
0.8837885,1
0.0150463255,0
0.5682007,1
0.9291719,1
0.02743669,0
0.8865626,1
0.37603772,0
0.11584624,0
0.956048,1
0.039866846,0
0.96719915,1
0.53311795,1
0.25078145,1
0.04916496,0
0.14265503,0
0.99018645,1
0.91140205,1
0.99346477,1
0.99754363,1
0.28783393,0
0.03249628,0
0.42211634,0
0.17767388,0
0.9926374,1
0.859114,0
0.9890459,1
0.2960967,0
0.9255598,1
0.46207616,1
0.94289154,1
0.12064732,0
0.95849913,1
0.228683,0
0.99825543,1
0.9747224,1
0.04268819,0
0.9702331,1
0.9891885,1
0.692952,1
0.994152,1
0.9993753,1
0.0055074953,0
0.007546134,0
0.9977742,1
0.9884405,1
0.80082023,1
0.21927662,0
0.99601066,1
0.8610513,0
0.987503,1
0.6154373,1
0.99909174,1
0.9692601,1
0.9988539,1
0.921868,1
0.010491388,0
0.2753276,0
0.37407297,0
0.3746459,0
0.0002661554,0
0.9616358,1
0.99911326,1
0.52233666,0
0.9967384,1
0.98880196,1
0.04033428,0
0.9882074,1
0.81269133,1
0.928259,1
0.9959792,1
0.9496902,1
0.08468219,0
0.9955461,1
0.9093545,1
0.3782169,0
0.0045735254,0
0.99228585,1
0.98005944,1
0.81820464,0
0.0019692793,0
0.03173927,0
0.01503851,0
0.43125606,0
0.99386615,1
0.99709475,1
0.004129208,0
0.0034869697,0
0.4790569,1
0.99853575,1
0.97358173,1
0.98645675,1
0.030011198,0
0.9886769,1
0.25042346,0
0.9842539,1
0.99760807,1
0.29141557,0
0.9940645,1
0.07423099,0
0.17811136,0
0.900281,1
0.9953727,1
0.0029460252,0
0.00082606234,0
0.9945799,1
0.14603707,0
0.9982785,1
0.9981438,1
0.52637947,0
0.8686422,1
0.003887633,0
0.73153716,1
0.074405,0
0.0041434406,0
0.54868627,0
0.9898608,1
0.89392793,1
0.14316604,0
0.18745391,0
0.9852444,1
0.9305275,1
0.99930716,1
0.025618361,0
0.9925783,1
0.9369355,1
0.8994769,1
0.9897776,1
0.7603587,1
0.02660524,0
0.9845963,1
0.982711,1
0.00048223796,0
0.002349802,0
0.00073218683,0
0.99165404,1
0.6914804,1
0.9798742,1
0.21890701,0
0.85030633,1
0.24214467,1
0.9103064,1
0.11571348,0
0.97926885,1
0.95981574,1
0.99547064,1
0.00035468242,0
0.003569103,0
0.9975637,1
0.9200287,1
0.98919666,1
0.8629299,1
0.9683412,1
0.9962657,1
0.96624494,1
0.59077775,1
0.01800458,0
0.63105196,0
0.99427766,1
0.075347915,0
0.12040967,0
0.94092846,1
0.98451245,1
0.118799746,0
0.9849023,1
0.000559934,0
0.9889116,1
0.0018933133,0
0.7394046,1
0.99907315,1
0.08784472,0
0.0016355726,0
0.014413259,0
0.3945174,0
0.024849655,0
0.0003480754,0
0.005824097,0
0.9469492,1
0.107156605,1
0.011278589,0
0.99820244,1
0.0662155,0
0.9947449,1
0.7980902,1
0.006636999,0
0.9954722,1
0.004625767,0
0.99906677,1
0.99842715,1
0.98315376,1
0.83482134,1
0.33229673,1
0.99695706,1
0.08579554,0
0.9985018,1
0.7906674,1
0.0018983823,0
0.05612929,0
0.52940476,1
0.23421636,0
0.99457633,1
0.99832076,1
0.9761272,1
0.04340748,0
0.010929908,0
0.93453777,0
0.012578681,0
0.99770266,1
0.8898267,1
0.998804,1
0.99879634,1
0.15592569,0
0.93920636,1
0.9972662,1
0.9687329,1
0.9797728,1
0.984766,1
0.91383344,1
0.29142863,1
0.7779175,1
0.14060268,1
0.99615234,1
0.8714447,1
0.5770692,1
0.9994435,1
0.9921405,1
0.6354089,0
0.94224095,1
0.99596345,1
0.39529794,1
0.9980756,1
0.9582616,1
0.2077489,1
0.86990315,1
0.98698586,1
0.9673492,1
0.003243752,0
0.98506564,1
0.874255,1
0.008953791,0
0.027124023,0
0.018038241,0
0.98714197,1
0.99839455,1
0.9896186,1
0.004274866,0
0.005568763,0
0.9415064,1
0.852748,1
0.9866851,1
0.5940931,1
0.033483505,0
0.9836537,1
0.8628556,1
0.99736637,1
0.014314468,0
0.00294247,0
0.9601519,1
0.27161977,0
0.93811226,1
0.6947047,1
0.78743005,0
0.012756959,0
0.9965969,1
0.296565,0
0.99506146,1
0.9101846,1
0.84827095,1
0.9754596,1
0.77234143,1
0.9989813,1
0.98887384,1
0.1990443,1
0.99926025,1
0.4606873,0
0.8121332,0
0.459377,0
0.017764432,0
0.0014456194,0
0.02060461,0
0.9569637,1
0.36982322,1
0.34763965,0
0.96111315,1
0.06326999,0
0.0013018487,0
0.018490836,0
0.9677223,1
0.9935602,1
0.0012197724,0
0.998552,1
0.034500748,0
0.8964003,1
0.6310648,1
0.93334055,1
0.9924776,1
0.013947937,0
0.98746896,1
0.54973674,0
0.99920374,1
0.86192733,1
0.997355,1
0.95647573,1
0.029219998,0
0.069560274,0
0.99700826,1
0.0057542743,0
0.42396632,0
0.9283835,1
0.052857667,0
0.97747576,1
0.0110402,0
0.4304431,1
0.9989191,1
0.11109475,0
0.9969506,1
0.74299496,1
0.2745247,1
0.99660134,1
0.92694646,1
0.9864336,1
0.634236,0
0.8828005,0
0.0077951015,0
0.022852063,0
0.99851424,1
0.9953785,1
0.07409613,0
0.99192035,1
0.96879387,1
0.008381194,0
0.80914325,1
0.97018874,1
0.01992317,0
0.46633214,0
0.95948625,1
0.010830325,0
0.005185746,0
0.9717407,1
0.047987048,0
0.0006497239,0
0.021697966,0
0.6068544,0
0.0021332095,0
0.004746844,0
0.22772884,0
0.9573432,1
0.9203201,1
0.00822686,0
0.98441803,1
0.9855328,1
0.8940575,1
0.98685175,1
0.9964618,1
0.063246496,1
0.9720344,1
0.012081852,0
0.13468975,0
0.9013275,1
0.9940165,1
0.9926697,1
0.20993051,0
0.73056024,1
0.98673147,1
0.01779497,0
0.87651384,1
0.6659831,0
0.69764125,0
0.9601358,1
0.94873244,1
0.996323,1
0.7163622,0
0.20052907,0
0.038754515,0
0.028171064,0
0.97847694,1
0.99848336,1
0.97657937,1
0.99761957,1
0.10861152,0
0.961729,1
0.20674114,0
0.9975126,1
0.023536135,0
0.97752327,1
0.2558948,0
0.012995922,0
0.10416281,1
0.9879452,1
0.18422668,0
0.0007707826,0
0.060563143,0
0.7463264,1
0.98639226,1
0.014377937,0
0.0031413692,0
0.99776554,1
0.020269046,0
0.94843,1
0.68711233,0
0.99834526,1
0.68095165,0
0.99304914,1
0.9987417,1
0.9466393,0
0.97289634,1
0.12770784,1
0.0010971987,0
0.04465385,0
0.931609,1
0.41459844,0
0.07151913,0
0.68044657,0
0.13038903,0
0.7685262,1
0.9712384,1
0.047930963,0
0.95097464,1
0.0049426267,0
0.0031658527,0
0.8495857,1
0.95684856,1
0.023594296,0
0.5833152,1
0.48909047,0
0.6749455,0
0.15838666,1
0.9928231,1
0.86580056,1
0.67325395,0
0.98689044,1
0.99657106,1
0.9930474,1
0.7147318,0
0.87209004,1
0.74489814,0
0.08813996,0
0.9979274,1
0.015343426,0
0.010875088,0
0.15907785,0
0.99405116,1
0.0053676497,0
0.00052323827,0
0.2306262,0
0.04840131,0
0.99465925,1
0.42155498,0
0.7678892,1
0.843332,1
0.35751832,0
0.014450982,0
0.8285433,1
0.8011759,1
0.016105345,0
0.16000018,0
0.4242831,1
0.014110549,0
0.9776109,1
0.045504138,0
0.44413877,0
0.0034993174,0
0.75981385,1
0.004156982,0
0.00077387074,0
0.86124057,1
0.9003533,1
0.9859437,1
0.9616798,1
0.87361634,1
0.99898916,1
0.48063374,0
0.28847903,0
0.0010760111,0
0.9714006,1
0.56406397,0
0.40439343,1
0.07046865,0
0.034576178,1
0.99851495,1
0.9963811,1
0.00473374,0
0.0016748338,0
0.521018,1
0.005059691,0
0.046087235,0
0.9524304,0
0.026063355,0
0.015708419,1
0.9834583,1
0.101770744,1
0.8728014,1
0.6928827,1
0.93017113,1
0.9744338,1
0.98671895,1
0.034342565,0
0.890957,1
0.5060922,1
0.90994066,1
0.0017787251,0
0.9988212,1
0.057358637,0
0.9989191,1
0.0014862975,0
0.99894816,1
0.9258537,1
0.58653224,0
0.5605938,0
0.06578731,0
0.9515738,1
0.0047030193,0
0.9976636,1
0.0024412828,0
0.9738912,1
0.9686506,1
0.9736251,1
0.9618332,1
0.99741346,1
0.27724037,0
0.908041,1
0.98697054,0
0.9881142,1
0.9991837,1
0.11829926,0
0.99318486,1
0.99770325,1
0.9986312,1
0.94427866,1
0.001973221,0
0.43192458,1
0.9973416,1
0.95285225,1
0.18674244,0
0.997673,1
0.012379691,0
0.9942854,1
0.93505424,1
0.9903688,1
0.25447398,1
0.0010230026,0
0.050626043,0
0.15458314,0
0.8409383,0
0.8880368,1
0.61027133,1
0.006205719,0
0.10645643,0
0.1588667,0
0.9976865,1
0.16689685,0
0.99909914,1
0.8967894,1
0.99588,1
0.083582,0
0.9982895,1
0.95070046,0
0.9953473,1
0.8807434,1
0.60933876,1
0.55059654,0
0.025825003,0
0.9926587,1
0.037574943,0
0.007996985,0
0.9975915,1
0.033457197,0
0.9956863,1
0.024624418,0
0.9864574,1
0.0040341155,0
0.024821056,0
0.28984693,0
0.44615167,1
0.99798155,1
0.21578823,1
0.9925127,1
0.07252657,0
0.95190907,1
0.99003524,1
0.03712987,1
0.22299068,0
0.57255256,1
0.105175346,0
0.0004512872,0
0.004849619,0
0.9812182,1
0.004489171,0
0.9314088,1
0.9974904,1
0.00037721338,0
0.9973188,1
0.018155593,0
0.020763014,0
0.86036897,1
0.057148106,0
0.9972433,1
0.5666618,0
0.011964852,0
0.007097514,0
0.82893336,1
0.98472244,1
0.9871586,0
0.9832066,1
0.9336905,1
0.42151815,1
0.9893444,1
0.9989064,1
0.9823239,1
0.0020148263,0
0.005312175,0
0.7268423,1
0.5052796,0
0.083769605,0
0.9970018,1
0.04605461,1
0.98788273,1
0.0005488291,0
0.96871233,1
0.0172031,0
0.31349325,0
0.023051245,0
0.9919233,1
0.861206,1
0.0024567225,0
0.57904,1
0.0046932106,0
0.9985043,1
0.46621963,0
0.9987587,1
0.67219925,0
0.025423268,0
0.0071438607,0
0.012007894,0
0.048777215,0
0.9965055,1
0.61486685,1
0.94941926,1
0.9383142,0
0.008322037,0
0.99869686,1
0.00051582465,0
0.9677231,1
0.001885838,0
0.03682249,0
0.06439365,0
0.7662345,1
0.62768024,1
0.6077504,1
0.98983127,1
0.53199434,0
0.2327694,0
0.08279861,0
0.9975218,1
0.19892992,0
0.98573583,1
0.9945522,1
0.5792616,0
0.0068411427,0
0.00017448077,0
0.99384016,1
0.50794244,1
0.70427,1
0.43771285,1
0.96837515,1
0.0003526833,0
0.0005338816,0
0.031640567,0
0.7025567,1
0.99616325,1
0.0026992038,0
0.2157068,0
0.59048796,0
0.9983724,1
0.0968707,0
0.99465936,1
0.055146042,0
0.15769823,0
0.9592012,1
0.8474033,1
0.033767104,0
0.01888651,0
0.001710322,0
0.9976216,1
0.3003635,0
0.58355653,0
0.91571695,1
0.18360691,1
0.026511885,0
0.44257173,0
0.98305213,1
0.0006827862,0
0.0011238647,0
0.044101145,0
0.21499135,1
0.29325965,1
0.99914384,1
0.90903664,1
0.008343381,0
0.0028775695,0
0.0013940353,0
0.99186885,1
0.8161205,1
0.981306,1
0.20026326,0
0.02052195,1
0.024393244,0
0.95845884,1
0.7411444,1
0.0074571986,0
0.7471944,1
0.9894224,1
0.9925351,1
0.086695686,0
0.98291874,1
0.41635272,1
0.07130209,0
0.98821485,1
0.98092765,1
0.28001714,0
0.83574796,1
0.4781499,1
0.00048105806,0
0.92720354,0
0.6460541,0
0.027586253,0
0.96473044,1
0.9983943,1
0.9998512,1
0.99562943,1
0.9992249,1
0.9846452,1
0.07146818,1
0.024756962,0
0.9932439,1
0.96496636,1
0.024515532,0
0.9821753,1
0.007889122,0
0.026891708,0
0.0819651,0
0.9318087,1
0.99917763,1
0.023638155,0
0.8210734,1
0.3017484,0
0.019034812,0
0.9948992,1
0.3266251,0
0.94342864,1
0.08072979,0
0.9938846,1
0.99926025,1
0.9980565,1
0.9940714,1
0.9713883,1
0.994942,1
0.14364679,0
0.97496164,1
0.00062676053,0
0.97438407,1
0.9834114,1
0.9823842,1
0.88772106,1
0.03610357,0
0.93403476,1
0.21279643,0
0.93829817,1
0.006912281,0
0.30698574,0
0.9498578,1
0.039643496,0
0.97520995,1
0.790084,1
0.0038820049,0
0.9929235,1
0.013829615,0
0.04317832,0
0.001097285,0
0.9931774,1
0.8460431,1
0.83651036,1
0.9926601,1
0.9797805,1
0.973477,1
0.023780698,1
0.45778215,1
0.61520886,0
0.13160875,0
0.9877446,1
0.941423,1
0.9149783,1
0.029367888,0
0.5766068,0
0.00039741633,0
0.98521775,1
0.9831177,1
0.99669135,1
0.9942386,1
0.008798296,0
0.9854698,1
0.02540107,1
0.17744997,0
0.09063164,0
0.6178646,0
0.3652467,1
0.5712416,1
0.9934189,1
0.25288457,0
0.9933982,1
0.93865085,1
0.014495254,0
0.018973097,0
0.00548553,0
0.9983907,1
0.91892076,1
0.0011749095,0
0.98951143,1
0.9235996,1
0.0072583477,0
0.042419378,0
0.9925702,1
0.5036602,1
0.99551636,1
0.45766705,1
0.85487604,1
0.011791465,0
0.7619273,1
0.99361986,1
0.014978431,0
0.75180554,1
0.009171061,0
0.3284373,0
0.0173355,0
0.12549655,0
0.08571739,0
0.946964,0
0.9992092,1
0.009740036,0
0.99341935,1
0.34244025,0
0.9256826,1
0.99969995,1
0.99875367,1
0.99967396,1
0.95593935,1
0.9606005,1
0.09135473,0
0.00087067054,0
0.96608025,1
0.67028815,1
0.67576146,1
0.8143694,1
0.999228,1
0.9852266,1
0.040023625,0
0.2967769,1
0.35900417,0
0.0022896533,0
0.9090027,1
0.7107537,1
0.001366235,0
0.9945949,1
0.3597988,1
0.12038257,0
0.88870573,1
0.5155148,1
0.993634,1
0.5510965,1
0.9249115,1
0.993573,1
0.9187462,1
0.63434744,0
0.22766402,1
0.016507238,0
0.6255569,0
0.94467634,1
0.9862256,1
0.9955701,1
0.9922011,1
0.57179266,1
0.99565876,1
0.023136044,0
0.8726578,1
0.99832064,1
0.91266876,1
0.05500515,0
0.0032530758,0
0.9256016,1
0.7649764,1
0.0029764303,0
0.98909014,1
0.035768595,0
0.97554094,1
0.004290253,0
0.2442227,0
0.99333054,1
0.99823666,1
0.80897814,1
0.9988212,1
0.96453863,0
0.9807334,1
0.15418188,0
0.21233469,0
0.027390217,0
0.9971903,1
0.0020352479,0
0.8884886,1
0.2402515,0
0.024433488,0
0.00033553914,0
0.0013602691,0
0.71391684,1
0.49084982,0
0.9934422,1
0.9854035,1
0.96656966,1
0.99456245,1
0.99202174,1
0.0035723841,0
0.92853636,1
0.99083406,1
0.15233278,0
0.9912918,1
0.92582214,1
0.016048336,0
0.092062145,0
0.0018741061,0
0.19075087,1
0.78150386,1
0.9971642,1
0.9931913,1
0.0028140484,0
0.99564457,1
0.001175031,0
0.0827968,0
0.029936641,0
0.9453234,1
0.16197316,0
0.058008138,0
0.16101903,0
0.40145156,0
0.010491616,0
0.797244,1
0.030220672,0
0.9998325,1
0.37546116,0
0.026071852,0
0.29483065,0
0.038031083,0
0.07483883,0
0.99436074,1
0.041403394,0
0.7307308,0
0.87862813,1
0.99720937,1
0.0028228743,0
0.9673798,1
0.83790183,1
0.42765388,1
0.8672999,1
0.9854199,1
0.9447736,1
0.99817157,1
0.016058331,0
0.66494906,0
0.99126726,1
0.99856514,1
0.9961908,1
0.17593311,0
0.42442125,0
0.45363262,0
0.9872825,1
0.024110937,0
0.014837648,0
0.021992173,0
0.27218002,0
0.8853465,1
0.8832259,1
0.9955852,1
0.81116116,1
0.99144906,1
0.8008046,1
0.28169096,0
0.9503447,0
0.87133753,1
0.092353225,0
0.9984463,1
0.3470952,1
0.028930385,0
0.99876237,1
0.28196326,1
0.98898137,1
0.004247512,0
0.9673661,1
0.99857163,1
0.0049719103,0
0.057329874,0
0.9982558,1
0.0021863366,0
0.9878735,1
0.94314563,0
0.9959688,1
0.80136824,0
0.085510716,0
0.084527895,0
0.005230419,0
0.99259984,1
0.9988181,1
0.8473304,1
0.9974254,1
0.8786447,1
0.06786055,0
0.003918816,0
0.00514801,0
0.9666527,0
0.97082394,1
0.013561818,0
0.99680173,1
0.00029678925,0
0.0067815087,0
0.011788187,0
0.018538842,0
0.0024406244,0
0.9899803,1
0.5002262,0
0.018785406,0
0.9439311,1
0.01186097,0
0.85888684,1
0.25478318,0
0.9977405,1
0.0012054398,0
0.018595928,0
0.44483793,1
0.02776882,0
0.0022256433,0
0.900927,1
0.9991689,1
0.47758824,0
0.9984333,1
0.9980154,1
0.9457028,1
0.98818064,1
0.886746,0
0.0003829408,0
0.9975629,1
0.99022067,0
0.9955843,1
0.8549396,1
0.99708956,1
0.016055431,0
0.8767168,1
0.99232787,1
0.9948886,1
0.0041849874,0
0.6997115,1
0.9434371,1
0.0077631106,0
0.9946601,1
0.11662987,1
0.00283747,0
0.0070074443,0
0.7835664,1
0.0031320849,0
0.991265,1
0.006312959,0
0.006174456,0
0.00021366516,0
0.85463077,0
0.16777407,1
0.009847834,0
0.00633392,0
0.99808013,1
0.023964847,0
0.010615472,0
0.08367124,1
0.06981233,0
0.9719587,1
0.9524463,1
0.49269724,0
0.9733874,1
0.9987866,1
0.0050963135,0
0.2221292,0
0.94101745,1
0.063274115,1
0.850669,1
0.017490447,0
0.0115728015,0
0.0045376564,0
0.9951381,1
0.99860793,1
0.99139965,1
0.0033621532,0
0.99789137,1
0.9283945,0
0.656525,0
0.9703387,1
0.9790511,1
0.00090263976,0
0.8885541,1
0.007378611,0
0.7807131,1
0.9299772,1
0.6761072,0
0.0011292127,0
0.99795145,1
0.05299911,0
0.22498474,0
0.89388925,1
0.8693757,1
0.072739504,0
0.44323805,0
0.8990127,1
0.9901968,1
0.99633706,1
0.98902714,1
0.16798092,0
0.8016033,1
0.8811192,0
0.9789437,1
0.99300134,1
0.99135584,1
0.9446424,1
0.9463829,1
0.9766297,0
0.65705466,1
0.9603163,1
0.94323546,1
0.92721695,1
0.99827063,1
0.8841328,1
0.99962664,1
0.9792013,1
0.9963838,1
0.0021644135,0
0.99914765,1
0.99415886,1
0.89598006,1
0.0037763086,0
0.9958741,1
0.06885516,0
0.7150318,0
0.99707854,1
0.0049282834,0
0.9442412,1
0.9943725,1
0.9724239,1
0.111363284,0
0.8652548,1
0.023937764,0
0.9396438,1
0.99463636,1
0.9987778,1
0.208456,1
0.04001631,0
0.9174077,1
0.02471752,0
0.84816253,1
0.03998421,0
0.0057715084,0
0.21027815,0
0.8793294,1
0.9986136,1
0.9659407,1
0.900806,1
0.7609688,0
0.8224374,1
0.5208301,0
0.95672643,1
0.99703074,1
0.78044945,1
0.014973197,0
0.9917706,1
0.0041434155,0
0.00073911465,0
0.9915236,1
0.0037551175,0
0.59484744,1
0.0012784646,0
0.7459376,1
0.20801881,0
0.12261037,0
0.0035922301,0
0.17132509,1
0.99941206,1
0.97310376,1
0.9940812,1
0.49704373,0
0.86394036,1
0.6679697,1
0.5741418,1
0.05342252,0
0.05023843,0
0.79465544,1
0.03796932,0
0.008916208,0
0.014003343,0
0.01082513,0
0.0041434392,0
0.16507645,0
0.0008605738,0
0.96088743,1
0.99925214,1
0.99806494,1
0.15158346,0
0.014691081,0
0.064692184,0
0.04501015,0
0.9601631,1
0.984412,0
0.12000491,0
0.15201817,0
0.00024407009,0
0.029063549,0
0.99781454,1
0.99253005,1
0.0039672,0
0.9891558,1
0.6171004,0
0.99228597,1
0.03233744,0
0.85758007,1
0.52951926,1
0.938666,1
0.017095603,0
0.24467523,1
0.97570103,1
0.50395066,1
0.057064224,0
0.14545986,0
0.8834825,1
0.9033882,1
0.0835062,0
0.0023351947,0
0.97017497,1
0.8414596,0
0.5868614,0
0.9947568,1
0.0011595081,0
0.9455528,1
0.98198986,1
0.035500932,0
0.74803,1
0.9980788,1
0.69478685,1
0.0034325079,0
0.9981559,1
0.98797065,1
0.051726382,0
0.9998136,1
0.002689777,0
0.9197405,1
0.9501407,1
0.045586586,0
0.38041925,0
0.22291555,0
0.018898284,0
0.025976859,0
0.99403834,1
0.16668358,0
0.9914328,1
0.9008707,0
0.8548932,1
0.0038515562,0
0.059941236,0
0.4310153,1
0.20800222,0
0.586743,0
0.011978563,0
0.99313414,1
0.64501345,0
0.114901334,0
0.9972772,1
0.9911781,1
0.79621655,1
0.001589754,0
0.9975738,1
0.9491292,1
0.75394803,1
0.97580737,1
0.022576304,0
0.03429728,0
0.96464545,1
0.9991124,1
0.99615306,1
0.07023278,1
0.06909747,0
0.0056548035,0
0.006544446,0
0.9974515,1
0.010896725,0
0.8085468,1
0.9244056,1
0.2021794,0
0.34570143,0
0.9965474,1
0.03258552,0
0.80279815,1
0.37738147,0
0.24625295,0
0.0034509625,0
0.9865183,1
0.82782066,1
0.9757924,1
0.9839533,1
0.849897,1
0.9989436,1
0.029232005,0
0.9820225,1
0.02790595,0
0.8819736,1
0.056884747,0
0.9972567,1
0.16476545,0
0.5733123,0
0.00075564755,0
0.5998933,0
0.030047018,0
0.31433985,0
0.996566,1
0.11285041,0
0.0028759174,0
0.011942325,0
0.1575182,0
0.22329374,0
0.99104136,1
0.13283917,0
0.06479296,0
0.9800853,1
0.54764944,1
0.9949486,1
0.03702426,1
0.98959583,1
0.0015611642,0
0.9995629,1
0.016641613,0
0.9965911,1
0.6726135,1
0.9624653,1
0.9944628,1
0.98226434,1
0.28449968,1
0.99832207,1
0.033308186,0
0.001965244,0
0.73761845,1
0.017610641,0
0.1691811,0
0.009599351,0
0.9939506,1
0.39294386,0
0.12368769,0
0.9972633,1
0.08259102,0
0.9558836,1
0.09696519,0
0.9815105,1
0.99857605,1
0.11109595,0
0.99237764,1
0.9992519,1
0.88937867,1
0.9981554,1
0.05000177,0
0.89472055,1
0.025139147,0
0.98124427,1
0.99160236,1
0.8742326,1
0.99907863,1
0.9974388,1
0.69195527,0
0.99349916,1
0.2006897,0
0.03467126,0
0.39795965,0
0.021939877,0
0.9780798,1
0.9984794,1
0.005094402,0
0.33190528,0
0.9528317,1
0.021053595,0
0.97748566,1
0.011134034,0
0.48691654,1
0.8433088,1
0.11354095,0
0.00458849,0
0.8981657,1
0.9899357,1
0.9236133,1
0.5279231,0
0.9969097,1
0.999186,1
0.9474124,1
0.003880204,0
0.011653066,0
0.0062047904,0
0.39853576,0
0.9989274,1
0.8447424,1
0.9780316,1
0.005077295,0
0.94012886,1
0.9937364,1
0.0045357873,0
0.6323876,1
0.0065204636,0
0.97936535,1
0.010968719,0
0.6352632,0
0.050017457,0
0.9722901,1
0.013439005,0
0.0045535667,0
0.0042116786,0
0.98587877,1
0.10992302,0
0.9962684,1
0.9990977,1
0.995824,1
0.26811045,0
0.046674296,0
0.16468835,0
0.95753247,1
0.00072715874,0
0.36965743,1
0.022153791,0
0.19786708,0
0.0342328,0
0.27086505,0
0.040445417,0
0.60160136,0
0.2246099,0
0.92928857,1
0.24489775,0
0.94968003,1
0.012027069,0
0.07882995,0
0.8558895,0
0.0038150013,0
0.23090737,1
0.57239366,0
0.0008440446,0
0.074248396,0
0.04291932,0
0.009113349,0
0.10318645,0
0.5036148,0
0.0014122684,0
0.08237,0
0.85864335,1
0.9931017,1
0.984784,1
0.99250776,1
0.8507934,1
0.589894,1
0.9776888,1
0.97446525,1
0.8920664,1
0.5141126,0
0.34147102,0
0.9879644,1
0.0011614404,0
0.9514363,1
0.11949783,1
0.28893512,0
0.9799947,1
0.0019377789,0
0.507717,0
0.12778428,0
0.4217781,0
0.005760074,0
0.99259186,1
0.99605834,1
0.7870618,1
0.07362402,0
0.05064548,0
0.99528944,1
0.5447892,1
0.61763084,0
0.9970259,1
0.024911055,0
0.005017842,0
0.7603949,0
0.39380443,1
0.005117923,0
0.9957547,1
0.077893086,0
0.83449876,1
0.8920613,1
0.4267872,1
0.8258225,1
0.015876153,0
0.8057548,1
0.297377,0
0.99272037,1
0.018255914,0
0.9935091,1
0.33699176,0
0.90572417,0
0.8484409,1
0.0020302904,0
0.006704692,0
0.2616433,0
0.84398955,1
0.0018508937,0
0.76749563,0
0.020009907,0
0.06430475,0
0.02362395,0
0.00049923063,0
0.2853863,0
0.08285755,0
0.016505357,0
0.6109933,0
0.85969615,0
0.109244466,0
0.9258102,1
0.77067614,0
0.8757791,1
0.005878705,0
0.009689044,0
0.9704663,1
0.99300474,1
0.9976654,1
0.0013874368,0
0.99721116,1
0.0063360934,0
0.10392707,0
0.014847696,0
0.84388816,1
0.005863648,0
0.009598662,0
0.9563667,1
0.99255085,1
0.98960644,1
0.9566121,1
0.9934875,1
0.9660506,1
0.36742994,0
0.021017253,0
0.89624876,1
0.8369088,0
0.7657372,1
0.7572495,0
0.99178183,1
0.0032757511,0
0.0071656033,1
0.004907133,0
0.16219859,1
0.99037474,1
0.0006092091,0
0.0045637996,0
0.003486829,0
0.98235244,1
0.99786216,1
0.919326,1
0.0011785872,0
0.17585117,0
0.988877,1
0.9931768,1
0.9468254,1
0.005326182,0
0.96681833,1
0.98641866,1
0.99540085,1
0.99863404,1
0.99531037,1
0.87536156,1
0.7549321,1
0.051699255,0
0.92125154,1
0.7334325,1
0.99913484,1
0.4168419,1
0.7170531,1
0.485238,1
0.8139914,1
0.1295423,0
0.90973765,1
0.7921351,1
0.30080485,0
0.8029085,1
0.9451634,1
0.73776644,1
0.9521189,1
0.9914807,1
0.44331327,1
0.6344575,1
0.00010824664,0
0.2407191,0
0.3330507,1
0.99717486,1
0.9200485,1
0.022839706,0
0.995749,1
0.042453986,0
0.9884753,1
0.9605076,1
0.004474493,0
0.0067720376,0
0.0015765161,0
0.7570234,1
0.9949563,1
0.080036595,0
0.9972658,1
0.9982516,1
0.5620627,0
0.22775163,1
0.9972873,1
0.25765696,0
0.015343238,0
0.9954888,1
0.07508492,0
0.9653809,1
0.999116,1
0.14803992,0
0.8651965,1
0.9935529,1
0.86549526,1
0.99904484,1
0.0027949747,0
0.9170022,1
0.5542282,0
0.9960555,1
0.056087103,0
0.047425624,0
0.78425825,1
0.09655392,0
0.9981331,1
0.89199775,1
0.25381318,0
0.27552196,0
0.30148727,0
0.4130086,0
0.012465281,0
0.9620546,1
0.4669533,0
0.9848595,1
0.0045566913,0
0.95804286,1
0.9903537,1
0.0067567653,0
0.18749437,0
0.95584375,1
0.994325,1
0.005079671,0
0.29286236,0
0.826961,0
0.008625956,0
0.045958012,0
0.99856013,1
0.006600328,0
0.9642273,1
0.9240892,1
0.21430314,0
0.0017357962,0
0.9936441,1
0.8342711,1
0.05000879,0
0.99841094,1
0.006714152,0
0.36861187,1
0.9934475,1
0.023573931,0
0.9951308,1
0.22638494,0
0.89784145,1
0.94146115,1
0.98599154,1
0.9922416,1
0.022636931,0
0.1762376,1
0.010093821,0
0.22351573,1
0.54903203,1
0.9962847,1
0.0039914856,0
0.01949087,0
0.26575536,0
0.9477807,1
0.15836117,0
0.9912209,0
0.8136702,1
0.061766718,0
0.38729846,0
0.27134788,0
0.8145534,1
0.00016480374,0
0.7607524,1
0.7941699,1
0.9971379,1
0.9688728,1
0.85596484,1
0.9928934,1
0.9577345,1
0.9660916,1
0.12233145,0
0.0009894246,0
0.08141303,0
0.0005828475,0
0.9910132,1
0.44549248,1
0.94890505,1
0.0019538214,0
0.054838073,1
0.46811858,1
0.31036052,0
0.22228262,0
0.7950924,0
0.29415256,0
0.92909425,1
0.5604522,0
0.0012394565,0
0.99644583,1
0.98819345,1
0.9344177,1
0.03332244,1
0.0004598879,0
0.8740003,1
0.08117791,0
0.0008913858,0
0.030156288,0
0.16340399,0
0.99690455,1
0.99719524,1
0.9297265,1
0.9993468,1
0.029930178,0
0.4879008,0
0.31463733,0
0.99834716,1
0.9968009,1
0.00076090987,0
0.9247611,1
0.9975605,1
0.0006625389,0
0.77388537,1
0.33914506,1
0.7416177,1
0.05391707,0
0.08162473,0
0.99797374,1
0.0014658008,0
0.0052132118,0
0.072264366,1
0.9541777,1
0.29157016,0
0.8755673,1
0.9484699,1
0.073072754,0
0.797519,0
0.17506796,0
0.13347352,0
0.12564227,0
0.02149393,0
0.016617877,0
0.99617684,1
0.8287274,1
0.9972953,1
0.0017598958,0
0.46677688,0
0.8593708,1
0.8017891,1
0.013670201,1
0.98616254,1
0.0019580817,0
0.99626106,1
0.97994345,1
0.37361094,1
0.19312486,0
0.87508565,1
0.3222836,0
0.03130903,0
0.046536364,0
0.5798477,0
0.9757867,1
0.67896396,1
0.6831385,1
0.9886475,1
0.9694475,1
0.9905158,1
0.013387148,0
0.74586535,1
0.8938013,0
0.005057195,0
0.5673842,0
0.9637267,1
0.0070549143,0
0.9844401,1
0.00089935435,0
0.96775025,1
0.9988036,1
0.8481886,1
0.95626193,1
0.7624456,0
0.9933988,1
0.017887868,1
0.9376805,1
0.98534065,1
0.9938285,1
0.006096981,0
0.8426088,1
0.9885554,1
0.26482025,0
0.9069403,1
0.99467576,1
0.8903987,1
0.7169746,1
0.897643,1
0.00041164612,0
0.96358645,1
0.001153214,0
0.71804494,1
0.16287562,0
0.9975682,1
0.99261534,1
0.8641181,1
0.99764806,1
0.73883194,1
0.016021553,0
0.6636241,1
0.1925165,0
0.99844354,1
0.8250452,1
0.9955456,1
0.011449082,0
0.047980063,1
0.21460454,1
0.9965634,1
0.069500014,1
0.99045616,1
0.11051178,0
0.07753631,0
0.010567701,0
0.5702588,0
0.00089812075,0
0.52936834,1
0.07156518,0
0.04179237,0
0.9939824,1
0.9506258,1
0.497483,1
0.99213517,1
0.21279956,0
0.0020359715,0
0.9976714,1
0.0009424315,0
0.6103426,0
0.0056484556,0
0.2823785,0
0.9786411,1
0.9913658,1
0.03827819,0
0.0035770517,0
0.009390434,0
0.30969158,0
0.99956053,1
0.993863,1
0.034006182,0
0.0013074919,0
0.0047095595,0
0.011062098,0
0.9847364,1
0.8652823,1
0.25411135,0
0.08814015,0
0.2932218,1
0.07447609,0
0.0020297368,0
0.095065095,0
0.48669788,0
0.77139556,0
0.75006723,0
0.43148378,0
0.87951887,1
0.9096151,0
0.009974054,0
0.0010432662,0
0.9977912,1
0.6902376,0
0.00031633858,0
0.005246725,0
0.9814866,1
0.99102205,1
0.5493972,0
0.21119308,0
0.9734577,1
0.13577308,0
0.7835969,1
0.9975042,1
0.6497394,0
0.99672514,1
0.65211654,0
0.0709507,1
0.5471112,0
0.87875533,0
0.98078567,1
0.38520592,1
0.9910183,1
0.9982571,1
0.0018302466,0
0.78179383,1
0.2833177,0
0.012233039,0
0.9993388,1
0.0016903187,0
0.11715501,0
0.028482363,0
0.99392635,1
0.5499054,0
0.814556,1
0.7333779,0
0.9992648,1
0.9976519,1
0.95258474,1
0.100745074,0
0.5182388,1
0.6920774,1
0.2670285,0
0.0044954745,0
0.09825965,0
0.39939827,0
0.26432735,0
0.99905044,1
0.992473,1
0.9909236,1
0.00034752535,0
0.5227885,1
0.03989479,0
0.7226975,0
0.004179669,0
0.2809872,0
0.5977774,1
0.0009908732,0
0.9003802,1
0.99077964,1
0.0064910767,0
0.9886197,1
0.022193316,0
0.99885404,1
0.2068638,0
0.9827025,1
0.87624013,1
0.9800251,1
0.99888295,1
0.9945452,1
0.94664323,1
0.0032007897,0
0.80408925,1
0.9574067,1
0.016445663,0
0.046775077,0
0.35609013,0
0.015044947,0
0.7767655,1
0.020563763,0
0.99590635,1
0.88340175,1
0.40660715,0
0.008440574,0
0.6947632,1
0.017005432,0
0.9873231,1
0.9803007,1
0.9843694,1
0.9333232,1
0.0014001522,0
0.9140321,1
0.045648556,0
0.026112868,0
0.135763,0
0.85044384,1
0.21884328,1
0.9797602,0
0.0003158329,0
0.9621958,1
0.9487776,1
0.95016104,1
0.00896197,0
0.119801916,0
0.9681502,1
0.005738914,0
0.8028973,1
0.9346223,1
0.0012929129,0
0.9985897,1
0.002465384,0
0.9945859,1
0.20479538,0
0.9870503,1
0.006038735,0
0.9507997,1
0.99275726,1
0.0017074145,0
0.99523216,1
0.99678624,1
0.9574197,1
0.7915985,1
0.008671529,0
0.03598979,0
0.99220747,1
0.14161265,0
0.95207345,1
0.69820446,1
0.20061617,0
0.901694,1
0.9957871,1
0.9916375,1
0.9912599,1
0.25971887,0
0.99735606,1
0.033526663,0
0.4155341,0
0.0907627,1
0.560543,1
0.11668742,1
0.97394615,1
0.37347764,0
0.9394134,1
0.0039609135,0
0.8829277,1
0.02758443,0
0.60359627,0
0.020429574,0
0.9868182,1
0.99265164,1
0.010791478,0
0.0790434,0
0.07208656,0
0.85123867,1
0.17584968,1
0.0030014678,0
0.8954587,1
0.8795934,1
0.0012541094,0
0.9956456,1
0.0029486374,0
0.020169128,0
0.26508224,1
0.9509453,1
0.0010296641,0
0.95130086,1
0.45526978,0
0.69517004,1
0.9480482,1
0.6762766,1
0.9786007,1
0.2672809,0
0.36648592,1
0.21732244,0
0.18490839,0
0.44907704,1
0.011510347,0
0.6423135,1
0.039858215,0
0.9983689,1
0.9866824,1
0.8212086,1
0.9880292,1
0.9926444,1
0.9990276,1
0.15409878,0
0.9907295,1
0.9996456,1
0.31488112,1
0.022629406,0
0.90905935,1
0.106847376,0
0.99711335,1
0.0043465197,0
0.98907685,1
0.016677046,0
0.9848194,1
0.20916139,1
0.9917434,1
0.9607267,1
0.98631954,1
0.9878419,1
0.91655874,1
0.91802245,1
0.96624273,1
0.7033248,0
0.8047092,1
0.5444132,0
0.9089194,0
0.9967366,1
0.0012779235,0
0.0015433825,0
0.0025333706,0
0.008050225,0
0.0016012167,0
0.97864246,1
0.9957301,1
0.006618715,0
0.058501076,0
0.0019068851,0
0.7516763,0
0.9523679,1
0.96190244,1
0.9202845,1
0.18837297,0
0.009431847,0
0.98138845,1
0.081382036,0
0.4432664,0
0.0070264055,0
0.99282736,1
0.24721453,0
0.12076423,0
0.9620754,1
0.997421,1
0.52583706,1
0.062372506,0
0.41154972,0
0.021998476,0
0.672484,0
0.02998754,0
0.20222701,1
0.9839553,1
0.96250695,1
0.46385542,0
0.46703306,0
0.9978498,1
0.13550228,0
0.9840059,1
0.9987128,1
0.9993704,1
0.0017160362,0
0.99338526,1
0.00031442806,0
0.9771095,1
0.69966,1
0.9944735,1
0.008785364,0
0.039427456,0
0.9125006,1
0.30618307,0
0.99910223,1
0.9934731,1
0.9975472,1
0.37979335,1
0.0037559848,0
0.031301912,0
0.95432115,1
0.6882894,1
0.99761677,1
0.983098,1
0.97479445,1
0.09672081,0
0.995615,1
0.8223365,1
0.97425985,1
0.9985176,1
0.04455017,0
0.99302447,1
0.99449414,1
0.044680953,0
0.9953277,1
0.016582685,0
0.030037096,0
0.10441903,0
0.15044037,0
0.2385471,0
0.0063901707,0
0.8225643,1
0.4556913,1
0.39998966,1
0.662472,1
0.99206614,1
0.001362884,0
0.003949646,0
0.99761236,1
0.3707978,0
0.9773316,1
0.99780256,1
0.9849208,1
0.006161466,0
0.07666733,0
0.96526426,1
0.9611788,1
0.8717531,1
0.9920477,1
0.1932003,0
0.585456,1
0.30145332,0
0.017625414,0
0.2293674,1
0.0029220935,0
0.9921095,1
0.9971733,1
0.97511727,1
0.9784895,1
0.8643001,1
0.8548156,1
0.011143131,0
0.78226715,1
0.82823616,1
0.99758816,1
0.69463706,1
0.0035462524,0
0.000972077,0
0.77928245,0
0.7709513,0
0.096022286,0
0.0074863676,0
0.05030092,0
0.9992011,1
0.0054177553,0
0.9905425,1
0.99192894,1
0.013006819,0
0.60769004,0
0.9967302,1
0.99641126,1
0.99124897,1
0.68369967,1
0.84718496,0
0.00473398,0
0.0046744933,0
0.9683982,1
0.5617035,1
0.9833746,1
0.0039936607,0
0.994745,1
0.9953412,1
0.99454665,1
0.8609854,1
0.8284852,0
0.0114090685,0
0.013748539,0
0.011444161,0
0.9791272,0
0.017554583,0
0.91282135,1
0.2582179,0
0.0051500103,0
0.99864155,1
0.93479705,1
0.7961619,1
0.99017054,1
0.112408325,0
0.072810374,1
0.006952886,0
0.97475475,1
0.011383196,0
0.14217629,0
0.99055684,1
0.0034116583,0
0.1394409,0
0.11949445,0
0.6539413,1
0.92783356,1
0.047977563,0
0.9952865,1
0.88493943,1
0.9973164,1
0.042101167,1
0.47266516,0
0.16903473,1
0.052709986,0
0.16290025,1
0.89732903,1
0.030381214,0
0.025602052,0
0.19800118,0
0.97191274,1
0.99950147,1
0.010266543,0
0.10818191,0
0.04215495,0
0.0043731257,0
0.00018963659,0
0.8875885,1
0.99320567,1
0.0004590593,0
0.06477702,0
0.9186404,1
0.97750366,1
0.43330133,1
0.8262008,0
0.04188624,0
0.9435201,1
0.9568429,1
0.015074072,0
0.4247005,0
0.71801823,0
0.8889103,1
0.18361963,0
0.026406499,0
0.0128183,0
0.9873669,1
0.9853018,1
0.9945825,1
0.0014963534,0
0.18192448,0
0.8575624,1
0.3182176,1
0.99271894,1
0.80273783,1
0.9349586,1
0.9975777,1
0.9516196,1
0.9871056,1
0.9997358,1
0.91658944,0
0.9401536,1
0.997811,1
0.0684297,0
0.026373938,0
0.9530523,0
0.82346797,0
0.98756695,1
0.9982955,1
0.7492709,1
0.890252,0
0.50101334,0
0.9676817,1
0.2677724,1
0.88797647,1
0.99950576,1
0.9990639,1
0.0022513417,0
0.989611,1
0.06495778,1
0.998599,1
0.028654892,0
0.928809,1
0.5005066,1
0.9986796,1
0.15049253,0
0.41495848,0
0.0037999176,0
0.98369724,1
0.8182139,1
0.89237195,1
0.069557436,0
0.027879572,0
0.94307524,1
0.99910337,1
0.44308713,0
0.89806116,1
0.7023674,1
0.31172356,1
0.9547787,0
0.9951389,1
0.7797196,1
0.018875342,1
0.99815553,1
0.06788405,0
0.98787934,1
0.82495755,1
0.9921944,1
0.02587873,0
0.010281574,0
0.90656567,1
0.9835264,1
0.9913777,1
0.99902785,1
0.32434383,0
0.0017292307,0
0.07534439,0
0.8599861,1
0.14005825,0
0.9994179,1
0.9202482,1
0.9964689,1
0.035677098,0
0.9852034,1
0.037954308,0
0.028031668,0
0.652225,1
0.80549216,0
0.009791349,0
0.99597555,1
0.000579665,0
0.9875624,1
0.054902665,0
0.8178852,1
0.96953166,1
0.81043196,0
0.0011316987,0
0.9987513,1
0.96373516,1
0.96776575,1
0.05373268,0
0.18325119,0
0.0048092823,0
0.02916595,0
0.9961665,1
0.3652209,1
0.52335674,1
0.12768796,0
0.9933832,1
0.99889755,1
0.98432714,1
0.96775025,1
0.9916789,1
0.95091563,1
0.9973653,1
0.005144973,0
0.09605095,0
0.0027628017,0
0.041717857,0
0.07178679,0
0.80055183,1
0.4164339,0
0.82068235,1
0.9866876,1
0.9880344,1
0.94361776,1
0.67184347,1
0.09082806,0
0.9913482,1
0.9342425,1
0.7928896,1
0.3947828,1
0.8748026,1
0.07754035,0
0.95591366,1
0.5737515,0
0.003599472,0
0.02415004,0
0.0059088757,0
0.22946729,0
0.41135058,1
0.66750985,1
0.9048288,1
0.95836455,1
0.0042706956,0
0.86942655,1
0.4690594,0
0.0011445257,0
0.0026753917,0
0.0895419,0
0.996705,1
0.9960859,1
0.7199135,1
0.9260482,1
0.28743577,1
0.11039321,0
0.54374486,1
0.80491304,1
0.9926233,1
0.29774278,0
0.00444419,0
0.14973742,0
0.00073092117,0
0.0025401914,0
0.0042388393,0
0.9950157,1
0.64913344,1
0.19930036,0
0.004597869,0
0.33299157,0
0.9910977,1
0.963088,1
0.9956862,1
0.0037873355,0
0.97548044,1
0.93365914,1
0.35497192,1
0.014144472,0
0.9872099,1
0.9960608,1
0.36941895,0
0.020544406,0
0.029294748,0
0.9383453,1
0.21048756,1
0.84138954,1
0.07301336,0
0.0030897243,0
0.009639249,0
0.98609066,1
0.83300924,1
0.6705417,0
0.007645917,0
0.99005044,1
0.9984825,1
0.039874468,0
0.754855,1
0.31740683,0
0.007949553,0
0.04602669,0
0.5999648,1
0.9935808,1
0.0116933845,0
0.050784275,0
0.26166937,0
0.019939838,0
0.305129,0
0.8770834,1
0.0031384337,0
0.74934375,1
0.9991447,1
0.86078244,1
0.9971137,1
0.82875735,1
0.0006943882,0
0.009820716,0
0.38153726,0
0.07357665,0
0.060709614,0
0.0037866628,0
0.24106614,1
0.7166623,1
0.8883957,1
0.9723886,1
0.30340323,1
0.89118636,1
0.85826313,1
0.95965093,1
0.6047343,1
0.042320166,0
0.7047571,0
0.1275803,0
0.5765831,0
0.007193482,0
0.9687064,1
0.20409289,1
0.0071173604,0
0.9963504,1
0.11181333,0
0.84056044,1
0.20301354,0
0.48252186,1
0.8635384,1
0.52437717,0
0.392872,0
0.99859494,1
0.49102268,0
0.9847853,1
0.016949099,0
0.9994679,1
0.467022,1
0.98589325,1
0.9981312,1
0.5527374,1
0.3129933,1
0.9936382,1
0.9771378,0
0.19516101,0
0.5329989,1
0.6453839,1
0.0026693526,0
0.9035925,1
0.97400767,1
0.6943368,1
0.08740385,0
0.563704,1
0.9855698,1
0.062388323,0
0.98481673,1
0.0007990433,0
0.9313037,1
0.04784317,0
0.86867,1
0.8287282,1
0.02891781,0
0.12446139,0
0.0019438447,0
0.9715666,1
0.9967529,1
0.7245079,1
0.041964587,0
0.98992014,1
0.99467766,1
0.99712014,1
0.7814867,0
0.9957064,1
0.8900702,1
0.9676088,1
0.87510896,1
0.4256647,1
0.9720129,1
0.9358635,1
0.99697673,1
0.98786736,1
0.99574846,1
0.39553073,0
0.07481626,0
0.8910428,1
0.8592887,1
0.030316275,0
0.6410221,1
0.82435745,0
0.9080468,1
0.014537048,0
0.99797565,1
0.0008479967,0
0.0015589546,0
0.9946786,1
0.4058519,1
0.0006075384,0
0.9964508,1
0.011821368,0
0.0096352035,0
0.83100426,1
0.00046398214,0
0.005634017,0
0.3880919,1
0.9915861,1
0.99504024,1
0.99710184,1
0.9762621,1
0.99942976,1
0.9271482,1
0.056576557,0
0.9520133,1
0.9961414,1
0.99561465,1
0.71994865,1
0.98205155,1
0.012833937,0
0.31755543,0
0.00083215674,0
0.0016562642,0
0.96385497,1
0.16879503,0
0.0016079473,0
0.9938082,1
0.79122776,0
0.9988888,1
0.9639531,1
0.06252234,0
0.99205023,1
0.5988333,1
0.19399635,0
0.9834367,1
0.002219956,0
0.62442124,1
0.9885824,1
0.1821698,0
0.0028293931,0
0.9976362,1
0.99945384,1
0.004387945,0
0.0022198923,0
0.99100643,1
0.6975435,1
0.12632759,0
0.3551463,0
0.9973615,1
0.00106756,0
0.9988657,1
0.02960627,0
0.99306035,1
0.011619103,0
0.99387264,1
0.023959192,0
0.79801756,0
0.011077367,0
0.99706,1
0.29921138,0
0.99590236,1
0.9991273,1
0.30385628,0
0.022719556,0
0.08571061,0
0.0796024,0
0.0013263329,0
0.8800008,1
0.2238393,0
0.9908794,1
0.0009394403,0
0.8573811,1
0.9626892,1
0.039574113,0
0.0031818105,0
0.08627099,0
0.45570803,0
0.039761566,0
0.009219274,0
0.084782496,0
0.03875155,0
0.98968434,1
0.44439143,1
0.99772364,1
0.5519461,1
0.7190898,1
0.878247,1
0.82768637,1
0.99904877,1
0.9212972,0
0.95600116,1
0.3015611,0
0.99755967,1
0.9834616,1
0.02273174,0
0.9130893,1
0.0017800047,0
0.9933013,1
0.9021744,1
0.0550541,0
0.8497514,0
0.66288763,1
0.0049090846,0
0.82545996,0
0.9859445,1
0.98569715,1
0.35270026,1
0.64957803,1
0.8929476,1
0.16823564,1
0.8015823,1
0.7481927,1
0.9969181,1
0.006542289,0
0.95443994,1
0.20734711,0
0.99752146,1
0.25883687,0
0.9431253,1
0.9997018,1
0.0074516623,0
0.92321515,1
0.011341481,1
0.011427412,0
0.051615383,0
0.90393955,1
0.2909154,1
0.2432856,0
0.937957,1
0.004337204,0
0.9979665,1
0.05965618,0
0.92801225,1
0.4930124,1
0.5872424,0
0.067619525,1
0.7402533,0
0.04471899,1
0.15198407,0
0.97555023,1
0.76842904,0
0.47152027,1
0.45331466,0
0.011948516,0
0.017222822,0
0.9896153,1
0.024614874,0
0.98441535,1
0.005150458,0
0.0883764,0
0.26686183,1
0.983164,1
0.2122829,0
0.6793955,0
0.9975103,1
0.062181894,0
0.83291775,1
0.034423858,0
0.99488974,1
0.9981968,1
0.021510374,0
0.015202856,0
0.31847754,0
0.003283373,0
0.046481136,0
0.99260616,1
0.9366995,1
0.9986085,1
0.15834062,0
0.019355297,0
0.9871523,1
0.967397,1
0.0010531833,0
0.11224717,0
0.9781121,1
0.14490649,0
0.93659467,1
0.056145072,0
0.9023353,1
0.057527296,1
0.9436727,1
0.031988397,0
0.9803303,1
0.0025477635,0
0.06618949,0
0.95826226,1
0.9980477,1
0.9965783,1
0.99011326,1
0.046796553,0
0.04287658,0
0.3970664,0
0.0014653354,0
0.9922736,1
0.167255,0
0.9451671,1
0.011321795,0
0.25168833,0
0.1005356,0
0.20586458,0
0.50815576,0
0.033739086,0
0.5257576,0
0.97584426,1
0.945326,1
0.008302847,0
0.23025718,0
0.094546236,0
0.8991808,1
0.81880236,1
0.9975702,1
0.9973176,1
0.9272505,1
0.9937803,1
0.8941629,1
0.01779037,0
0.11540822,0
0.86444974,1
0.030517686,0
0.97851264,1
0.9945629,1
0.9400115,1
0.2518308,0
0.9899928,1
0.017007593,0
0.95056397,1
0.9948748,1
0.9960639,1
0.11123951,0
0.6258497,1
0.004720795,0
0.98868304,1
0.85498106,1
0.024164818,0
0.005140867,0
0.016161855,0
0.9956969,1
0.9666777,1
0.99819404,1
0.99554235,1
0.097461745,0
0.9666531,1
0.06648438,0
0.81463,1
0.92959493,1
0.9981104,1
0.9340598,1
0.9986872,1
0.033415135,0
0.9488879,1
0.9718108,1
0.016422138,0
0.9922552,1
0.9971998,1
0.15885487,0
0.014639148,0
0.7725967,0
0.9159043,1
0.8176562,1
0.7772953,0
0.99511343,1
0.0033263983,0
0.8973392,1
0.57800937,0
0.024468213,1
0.9531851,1
0.4621236,0
0.97900975,1
0.9990164,1
0.030295214,0
0.29204592,1
0.22447595,0
0.14352885,0
0.4482305,1
0.0034410704,0
0.0757154,0
0.65136224,1
0.93803835,1
0.15929696,0
0.9984628,1
0.0051896735,0
0.8584562,1
0.0044587944,0
0.78475875,1
0.98556316,1
0.7369733,1
0.78899884,1
0.001263057,0
0.98178756,1
0.789308,1
0.020388598,0
0.98688716,1
0.97859436,1
0.4330863,1
0.99885845,1
0.11239048,0
0.996949,1
0.0010131178,0
0.058914058,0
0.9515435,1
0.010586794,0
0.011392645,0
0.48637733,1
0.00876326,0
0.6783557,1
0.10067299,0
0.9835684,1
0.015497943,0
0.7605694,1
0.2667887,1
0.6810518,0
0.0040243547,0
0.18079793,0
0.024928,1
0.9794756,1
0.042863462,0
0.6815297,0
0.9950282,1
0.9875771,1
0.07002839,0
0.99847573,1
0.44614142,0
0.11759681,1
0.9696558,1
0.022568412,0
0.04493415,0
0.012040636,0
0.9088607,1
0.19518283,1
0.046143543,0
0.98252136,1
0.98593044,1
0.9968645,1
0.8364995,1
0.988842,1
0.456881,0
0.99000645,1
0.9791325,1
0.0925255,0
0.16517718,0
0.0373686,0
0.9688607,1
0.9816622,1
0.2662792,1
0.6175479,1
0.09343402,0
0.5517758,1
0.9943877,1
0.44875875,0
0.9311666,1
0.9995432,1
0.9985846,1
0.92746186,1
0.24211174,1
0.863564,0
0.946364,1
0.9873674,1
0.9538428,1
0.0029780976,0
0.015512981,0
0.0075107557,0
0.10130772,0
0.011927711,0
0.4765439,0
0.1614006,0
0.9930441,1
0.99708456,1
0.016364243,0
0.9958823,1
0.9443199,1
0.024722058,0
0.89945704,1
0.085463785,0
0.8111033,1
0.22834201,1
0.0005553153,0
0.13189158,0
0.88691837,1
0.9574363,1
0.32388884,1
0.027763877,0
0.9080921,1
0.99385744,1
0.9878455,1
0.43736842,0
0.9956976,1
0.99974436,1
0.007313391,0
0.80830693,1
0.6370161,1
0.0028100584,0
0.903212,0
0.84262854,1
0.99804986,1
0.2804142,0
0.7903433,1
0.00879818,0
0.87462455,1
0.9362506,1
0.037829615,0
0.041849677,1
0.7530677,0
0.03585869,0
0.9688833,1
0.053813115,0
0.5711642,1
0.98666996,1
0.0945133,0
0.81016946,1
0.112434834,0
0.015666993,0
0.30440864,1
0.9979584,1
0.99473286,1
0.9852189,1
0.8047868,0
0.97363406,1
0.99196434,1
0.96807677,1
0.9920968,1
0.99298567,1
0.6088788,1
0.009517873,0
0.99446046,1
0.66695786,1
0.7412995,1
0.99741036,1
0.62756044,0
0.8696568,1
0.5588429,1
0.9996214,1
0.9003749,1
0.9918778,1
0.85234237,0
0.9855804,1
0.66122067,0
0.12282685,0
0.9874428,1
0.99789584,1
0.116668865,0
0.15773255,0
0.9851655,1
0.24148501,0
0.99410254,1
0.0019771098,0
0.017293092,0
0.9818417,1
0.94849837,1
0.99086297,1
0.99799204,1
0.9159442,1
0.49766633,1
0.8177198,1
0.99469227,1
0.04161276,0
0.9961479,1
0.60732996,1
0.607469,0
0.98765194,1
0.6178433,1
0.23524679,0
0.0014540144,0
0.97436315,1
0.0029333867,0
0.05101882,0
0.8052114,1
0.7648,1
0.85165995,1
0.86457974,1
0.052449275,0
0.15906191,0
0.9879602,1
0.8444979,1
0.52411693,0
0.9865219,1
0.9959209,1
0.96856177,1
0.9285277,1
0.097179234,0
0.9822097,1
0.9318542,1
0.0011866174,0
0.99656135,1
0.5844727,0
0.9747863,1
0.67621833,1
0.9923827,1
0.062926166,0
0.689353,1
0.5749215,0
0.116257034,1
0.6817334,1
0.58181626,0
0.9922989,1
0.01017821,0
0.0010788754,0
0.9668328,1
0.99607605,1
0.8931379,1
0.0060283146,0
0.99871683,1
0.80036163,1
0.80953336,1
0.009565898,0
0.9968573,1
0.040689297,0
0.95388925,1
0.856857,1
0.2629324,1
0.035958014,0
0.99655837,1
0.07527185,0
0.31746376,0
0.47144258,1
0.9776808,1
0.9096057,1
0.95523727,0
0.15130761,0
0.99695694,1
0.6527705,1
0.58199733,0
0.1605634,0
0.8737965,1
0.52064073,0
0.99572384,1
0.9837054,1
0.023118898,0
0.99922776,1
0.43951336,0
0.99467623,1
0.75830144,0
0.0010590961,0
0.0810126,0
0.0042901244,0
0.61900467,1
0.9827298,1
0.002143853,0
0.98834676,1
0.9520348,1
0.05048519,0
0.53170526,0
0.7631124,1
0.000126446,0
0.01732173,0
0.3385829,0
0.93226933,1
0.009045172,0
0.029700287,0
0.98183316,1
0.006757357,0
0.9826118,1
0.98555446,1
0.934295,1
0.4617257,1
0.9982572,1
0.015126437,0
0.028590081,0
0.00026367034,0
0.99799466,1
0.2647857,0
0.9965268,1
0.013434005,0
0.038411573,0
0.946511,1
0.3452528,0
0.99625516,1
0.05563154,0
0.99926454,1
0.043475542,0
0.015991976,0
0.9977391,1
0.2800918,0
0.1506512,1
0.60129297,1
0.88928837,1
0.99837303,1
0.0067020566,0
0.07032262,0
0.98410714,1
0.13280188,0
0.88175696,0
0.9476221,1
0.9942088,1
0.16734995,0
0.9190294,1
0.8524945,1
0.021109696,0
0.0017439149,0
0.80766195,1
0.09470068,0
0.8591711,1
0.010697799,0
0.66831154,1
0.9497405,1
0.9952271,1
0.0002974572,0
0.017342756,0
0.9292172,1
0.4066155,0
0.005979304,0
0.05718795,0
0.97834057,1
0.37064347,1
0.9881946,1
0.14095609,0
0.581101,1
0.9835487,1
0.0022409523,0
0.999509,1
0.008441175,0
0.9564257,1
0.9918902,1
0.0006866231,0
0.12867448,1
0.38874346,1
0.0022939064,0
0.9956905,1
0.008552231,0
0.9809513,1
0.9937295,1
0.7893027,1
0.9971119,1
0.9681282,1
0.993789,1
0.9966264,1
0.028105441,0
0.95944184,1
0.9972805,1
0.8298889,1
0.98937386,1
0.84439987,0
0.019384263,0
0.9974778,1
0.6060031,1
0.14770867,0
0.9840193,1
0.098732084,0
0.07513951,0
0.8587156,0
0.9765658,1
0.99534374,1
0.13204291,0
0.62167317,1
0.012595471,0
0.68459827,1
0.735965,1
0.27963814,0
0.08391353,0
0.990673,1
0.90928924,1
0.96966773,1
0.3643792,1
0.18129383,0
0.3155614,0
0.5868736,1
0.93832755,1
0.88698786,1
0.96318597,1
0.9931579,1
0.99801636,1
0.99506086,1
0.51557755,0
0.26720098,0
0.9937372,1
0.025735471,0
0.7236955,1
0.999022,1
0.70979357,1
0.06059806,0
0.43130544,0
0.96204644,1
0.90691656,1
0.89429224,0
0.17362815,0
0.40571678,0
0.025654081,0
0.25587666,0
0.9741616,1
0.8920315,1
0.96980524,1
0.98992467,1
0.002418353,0
0.99735475,1
0.991529,1
0.4430399,0
0.9613997,1
0.87624586,1
0.9951179,1
0.012108203,0
0.81870276,1
0.75075376,0
0.95951664,1
0.98220396,1
0.9698182,1
0.86593944,1
0.645634,1
0.9294143,1
0.9973405,1
0.05067596,0
0.9719821,1
0.011225111,0
0.99862266,1
0.010108354,0
0.97537065,1
0.9894512,1
0.0033148478,0
0.0028924828,0
0.00043645108,0
0.98423046,1
0.82649267,1
0.011308224,0
0.7343385,1
0.99925715,1
0.9827643,1
0.98890346,1
0.0051522492,0
0.997223,1
0.9843226,1
0.96300703,1
0.29979837,0
0.9029032,1
0.034437984,1
0.83975655,1
0.9978363,1
0.9987256,1
0.760864,1
0.98569226,1
0.60598004,0
0.020153115,0
0.9199815,1
0.91280264,1
0.0029867978,0
0.05774981,0
0.97658044,1
0.059065174,0
0.8751546,1
0.020118788,0
0.7083433,1
0.9074045,0
0.94753236,1
0.019064656,1
0.9049835,1
0.9956655,1
0.96116036,1
0.17774513,0
0.23877628,0
0.5354644,1
0.050937835,1
0.026857253,0
0.98480266,1
0.0037529224,0
0.00028217986,0
0.025833534,0
0.9988625,1
0.052996933,0
0.953223,1
0.98583084,0
0.002200646,0
0.9011765,1
0.9231521,1
0.998514,1
0.9840508,1
0.99692243,1
0.7442867,0
0.97759765,1
0.124846436,0
0.19006799,0
0.99774206,1
0.99670714,1
0.20751491,0
0.0727673,0
0.886182,1
0.008815408,0
0.9644078,1
0.7513914,0
0.99837166,1
0.7758511,1
0.7409722,1
0.024818365,0
0.06540759,0
0.49501628,0
0.0022245105,0
0.9773031,1
0.37430647,0
0.018283809,0
0.78303874,1
0.9763762,1
0.02240272,0
0.999418,1
0.9963911,1
0.9940566,1
0.9550232,1
0.32442904,0
0.29532588,0
0.9984176,1
0.948519,1
0.7639758,1
0.21742979,1
0.10057183,1
0.3299379,0
0.034171283,0
0.74987733,0
0.994773,1
0.06938512,1
0.0017215278,0
0.008066146,0
0.4333237,0
0.046686668,0
0.0041136234,0
0.7057061,0
0.9846089,1
0.6001319,1
0.99732816,1
0.9987531,1
0.15346219,1
0.34618568,0
0.93641573,1
0.93908817,1
0.17849061,0
0.7108926,1
0.013427421,0
0.35632893,0
0.04480955,0
0.98308647,1
0.025997637,0
0.00042924815,0
0.00020422242,0
0.79374105,1
0.2283741,1
0.9975011,1
0.04456165,0
0.26455784,0
0.98797953,1
0.952194,1
0.1715475,0
0.13030364,0
0.98555,1
0.6045024,0
0.99637526,1
0.97858775,1
0.057962023,0
0.0034976336,0
0.0013300083,0
0.61555856,0
0.035406798,0
0.96209836,1
0.1523439,0
0.90024936,1
0.034130532,0
0.9781163,1
0.0008146573,0
0.0020819728,0
0.011216777,0
0.99784005,1
0.08352178,0
0.52960616,1
0.7776886,0
0.3973055,0
0.3001001,1
0.33379853,0
0.9969778,1
0.99619114,1
0.98812103,1
0.0044589317,0
0.026937397,0
0.047509827,0
0.3007521,0
0.5457497,0
0.0140884295,0
0.9964295,1
0.99552613,1
0.98689926,1
0.9912724,1
0.72702914,1
0.89429855,1
0.005203337,0
0.13458675,0
0.9994443,1
0.16830444,0
0.9959163,1
0.68266666,0
0.98781663,1
0.074679576,0
0.93717694,1
0.002223755,0
0.9978598,1
0.00076500507,0
0.83005476,1
0.0035013447,0
0.9809763,1
0.9965959,1
0.023031957,0
0.99325246,1
0.99661887,1
0.94100374,1
0.9994578,1
0.28103086,0
0.9987243,1
0.29705927,0
0.000201693,0
0.9826806,1
0.031326782,0
0.69715637,1
0.98271817,1
0.9959054,1
0.8930421,0
0.98558426,1
0.0023732483,0
0.79577744,1
0.3892156,0
0.40875706,0
0.96387786,1
0.37754455,0
0.98866373,1
0.025788734,0
0.9976618,1
0.8206124,1
0.43675044,1
0.9854708,1
0.9464122,1
0.24564932,0
0.99722856,1
0.016145524,0
0.114865035,1
0.9623014,1
0.86281365,0
0.003135028,0
0.0023163336,0
0.9780604,1
0.008608313,0
0.10089558,0
0.0023802288,0
0.73171383,1
0.3401388,0
0.97618526,1
0.9978377,1
0.002141071,0
0.7411907,1
0.6606282,0
0.44132683,1
0.9147049,1
0.023942726,0
0.85321444,1
0.046348922,0
0.8765724,0
0.9926835,1
0.9016298,1
0.041603014,0
0.98967665,1
0.13275781,0
0.87597317,1
0.008016683,0
0.0053703035,0
0.4917184,1
0.013798959,0
0.9954052,1
0.7748662,1
0.007076271,0
0.026812484,0
0.011541649,0
0.0030093547,0
0.7415832,1
0.98329824,1
0.66162467,1
0.9157652,1
0.8975277,1
0.0042468184,0
0.25173765,0
0.6960515,1
0.92987347,1
0.08247076,0
0.96452236,1
0.99733293,1
0.53927726,0
0.98914415,1
0.42291334,0
0.0030884983,0
0.036360312,0
0.9427903,1
0.9648806,1
0.9773323,1
0.60676366,1
0.6510593,1
0.9953253,1
0.9729662,1
0.026170824,0
0.9174463,1
0.00040353098,0
0.651431,0
0.638078,0
0.9744387,1
0.9856414,1
0.97139984,1
0.12617743,0
0.7588343,1
0.94038284,1
0.32415867,0
0.99678576,1
0.99403507,1
0.9849842,1
0.40973154,0
0.9421781,1
0.99764913,1
0.9692394,1
0.17909001,0
0.007865644,0
0.86087507,0
0.016559288,0
0.202635,1
0.010742229,0
0.99825686,1
0.00080334116,0
0.86121386,1
0.023150943,0
0.5931798,0
0.0026007982,0
0.01454345,0
0.98679525,1
0.8502719,1
0.99850684,1
0.7083517,0
0.019964248,0
0.931582,1
0.87807155,1
0.053193145,0
0.0040640207,0
0.9845132,1
0.0071190554,0
0.99800235,1
0.9152294,1
0.0032395474,0
0.007419669,0
0.45656183,1
0.9947737,1
0.07161716,0
0.0011009548,0
0.028000338,0
0.0026444206,0
0.013668203,0
0.014334321,0
0.9963971,1
0.44141674,0
0.9255483,0
0.9719838,1
0.997189,1
0.050714556,0
0.6749488,0
0.014461282,0
0.008991116,0
0.0037322026,0
0.9294561,1
0.07224994,0
0.99405426,1
0.008273085,0
0.8318904,1
0.008040071,0
0.9990368,1
0.3892494,0
0.9395098,1
0.044226266,0
0.0044839126,0
0.023290709,0
0.8942912,1
0.0083423285,0
0.9970451,1
0.6826659,1
0.103028394,0
0.95207566,1
0.9530951,1
0.7098698,1
0.0005268912,0
0.058021594,0
0.9966869,1
0.001161172,1
0.0029771633,0
0.03922037,0
0.87112826,1
0.9325636,1
0.006807061,0
0.49222565,1
0.8342018,1
0.035236754,0
0.069545105,0
0.0016994283,0
0.014171453,0
0.9538103,1
0.062510505,0
0.9878036,1
0.6425798,1
0.011933247,0
0.06376383,0
0.9842726,0
0.98497933,1
0.1389344,0
0.942958,1
0.95076984,1
0.0017940422,0
0.7393571,1
0.999038,1
0.9842514,1
0.61816555,1
0.94461405,1
0.83179176,1
0.92054975,1
0.9180605,1
0.8037019,1
0.7051675,0
0.51858526,0
0.99675375,1
0.04743174,0
0.7796832,1
0.084334135,0
0.43416324,0
0.6499522,1
0.09326132,0
0.0008236219,0
0.27293774,1
0.09355191,0
0.99967873,1
0.9919849,1
0.9962029,1
0.98978126,1
0.9603314,1
0.0004912365,0
0.7422157,1
0.18151712,0
0.009440739,0
0.9879373,1
0.12218041,0
0.98946613,1
0.06469037,1
0.3285707,1
0.98778814,1
0.9511574,1
0.9975553,1
0.97502893,1
0.99450606,1
0.7219551,1
0.9986463,1
0.5162387,0
0.9387024,1
0.8900225,1
0.9803467,1
0.003133653,0
0.8089622,1
0.9912879,1
0.56215,0
0.06952223,0
0.01183577,0
0.0031704502,0
0.042897347,1
0.67308545,1
0.9963399,1
0.9225396,1
0.0016688195,0
0.998264,1
0.23406929,0
0.9196207,1
0.34387213,0
0.88342565,1
0.4488518,1
0.99561924,1
0.9215805,1
0.00418528,0
0.96106094,1
0.6370164,1
0.33836445,0
0.0003025843,0
0.43693566,0
0.9987999,1
0.5485798,0
0.010177585,0
0.023497563,0
0.45785695,0
0.9681303,1
0.10289843,0
0.9660294,1
0.69610536,1
0.9635894,1
0.8562316,1
0.00737015,0
0.9829594,1
0.019927261,0
0.99497104,1
0.12482471,1
0.9396854,1
0.0019681323,0
0.8074798,1
0.057271067,0
0.023417197,0
0.9189533,1
0.936396,1
0.9033351,1
0.910827,1
0.97713214,1
0.97895664,1
0.9932166,1
0.00085340824,0
0.006568417,1
0.0023627304,0
0.026030203,0
0.9935341,1
0.9108741,1
0.0011519744,0
0.59755427,0
0.27229452,0
0.0024635706,0
0.9988599,1
0.99799985,1
0.99670357,1
0.27319896,0
0.84979683,1
0.029290542,0
0.9899833,1
0.993171,1
0.98856914,1
0.2634547,0
0.99749243,1
0.00025332803,0
0.99922836,1
0.99638945,1
0.3700839,1
0.99100643,1
0.037297275,0
0.9758186,1
0.5400234,1
0.9192018,1
0.06627785,0
0.017960683,0
0.016051477,0
0.99444556,1
0.93410325,1
0.13558812,0
0.9606645,1
0.9932861,1
0.9922592,1
0.878404,0
0.16988806,0
0.03889279,0
0.99014246,1
0.36761406,0
0.58413756,0
0.071480066,0
0.93239194,1
0.073883824,0
0.9941087,1
0.98824835,1
0.9830526,1
0.44353765,0
0.9834013,1
0.0021819698,0
0.9942399,1
0.13956188,0
0.9442137,1
0.045629136,0
0.7623467,1
0.020760298,0
0.002216571,0
0.9985727,1
0.8377303,1
0.3313444,0
0.047828697,0
0.9175564,1
0.9925182,1
0.006117262,0
0.9989268,1
0.0033317092,0
0.4159509,1
0.8954045,1
0.9979195,1
0.43329605,1
0.98908687,1
0.95835,1
0.26665342,0
0.0048547327,0
0.9978326,1
0.0023797567,0
0.23750225,0
0.99632615,1
0.9981938,1
0.37490663,1
0.67139804,1
0.98141366,1
0.9472794,1
0.041603025,0
0.9428583,1
0.8069253,1
0.0025153358,0
0.99506605,1
0.09900894,0
0.99385,1
0.9564426,1
0.0019950382,0
0.034688953,0
0.9906969,1
0.8510474,1
0.4857488,1
0.5787163,0
0.48202977,1
0.8641608,1
0.43016958,1
0.9934243,1
0.9427259,1
0.339084,0
0.8867807,1
0.9969421,1
0.8018213,0
0.17254172,1
0.017800622,0
0.006101323,0
0.36550203,0
0.23855583,0
0.9426547,1
0.84502316,1
0.2575321,0
0.10533047,0
0.33893585,0
0.7111599,1
0.9979359,1
0.033505265,0
0.94207966,1
0.9950093,1
0.0050820713,0
0.17052136,1
0.008047023,0
0.037397005,0
0.023953289,0
0.122736275,0
0.9977773,1
0.99573284,1
0.9789382,1
0.93399554,1
0.8295869,1
0.0030234824,0
0.996926,1
0.9963284,1
0.03787203,0
0.99504423,1
0.11215034,0
0.0048140753,0
0.032262202,1
0.6446761,1
0.94699496,1
0.9080587,1
0.87957233,1
0.9930615,1
0.99435776,1
0.92695767,1
0.0033619103,0
0.94175434,1
0.777121,1
0.060846824,0
0.05306548,0
0.984634,1
0.004159312,0
0.98909724,1
0.288716,0
0.0041112215,0
0.0058888574,0
0.24061269,0
0.9986136,1
0.97817296,1
0.93891686,0
0.95324796,1
0.19527826,1
0.98131233,1
0.9824661,1
0.9882762,1
0.86901385,1
0.99842167,1
0.9952473,1
0.9902762,1
0.99339396,1
0.99843735,1
0.20016068,0
0.7660652,1
0.2334462,0
0.61293507,1
0.98270977,1
0.9377502,1
0.008616586,0
0.827369,1
0.3213823,1
0.95554554,1
0.9655466,0
0.9988506,1
0.0021683015,0
0.8883063,1
0.21251456,0
0.0156116,0
0.9934094,1
0.37724993,0
0.9967483,1
0.9055451,1
0.9917354,1
0.4977245,0
0.27741206,0
0.98488706,1
0.87244785,1
0.9978544,1
0.72930354,0
0.17936054,0
0.24539916,0
0.075172655,0
0.43733054,0
0.15076199,0
0.90691507,1
0.5135824,1
0.01057874,0
0.052143905,0
0.8163547,0
0.006975079,0
0.8324347,0
0.91519475,0
0.06003113,0
0.9899273,1
0.0009572301,0
0.016518312,0
0.9986078,1
0.06054801,0
0.8532013,1
0.99700326,1
0.9820062,1
0.14518368,0
0.029794307,0
0.9491492,1
0.005632145,0
0.026290353,0
0.005761063,0
